train/loss_actor,obs_rms_std,rollout/actions_mean,param_noise_stddev,total/steps,rollout/actions_std,reference_action_std,reference_Q_mean,total/steps_per_second,rollout/episode_steps,AI_return,rollout/episodes,reference_perturbed_action_std,reference_Q_std,rollout/Q_mean,AI_distance,obs_rms_mean,reference_perturbed_action_mean,AI_success_rate,reference_actor_Q_std,reference_action_mean,train/loss_critic,rollout/return,total/duration,rollout/return_history,train/param_noise_distance,total/episodes,total/epochs,reference_actor_Q_mean
77.931640625,0.21370935440063477,0.14276498556137085,0.02152991267583435,2000,0.880145251750946,0.9929604530334473,-103.27793884277344,37.4159003330144,196.7,-1597.735529021978,10.0,0.9910702705383301,165.00912475585938,-32.537567138671875,16.20394966819002,0.48977914452552795,0.020327933132648468,,164.44515991210938,0.02807920053601265,703.2894287109375,-1597.735529021978,53.4532105922699,-1597.735529021978,0.1442785471631214,10.0,1,-97.57844543457031
77.76063537597656,0.20997022092342377,0.28158795833587646,0.017644720880324885,4000,0.8908089995384216,0.8649786114692688,-153.88861083984375,37.24948420830147,191.25,-1180.4853183336504,20.0,0.829201340675354,309.247314453125,-37.444759368896484,15.67983930225996,0.48312950134277344,0.527446985244751,,304.6121520996094,0.4830840826034546,1406.4498291015625,-1180.4853183336504,107.38403725624084,-1180.4853183336504,0.18922719553112985,20.0,2,-145.553955078125
51.454315185546875,0.20860135555267334,0.34511157870292664,0.017297050171870294,6000,0.8894544839859009,0.9639366865158081,-176.06463623046875,37.18571751882692,171.47058823529412,-405.6180676463288,34.0,0.9593109488487244,433.387451171875,-17.771953582763672,13.389525181631107,0.4781963527202606,0.25378769636154175,,430.25177001953125,0.2504047155380249,908.5579833984375,-405.6180676463288,161.35227179527283,-405.6180676463288,0.21461081810295582,34.0,3,-166.9778289794922
-1.9262382984161377,0.20039911568164825,0.3567040264606476,0.014460633428115275,8000,0.8945050239562988,0.9262123703956604,-150.57510375976562,37.1787432681541,166.95744680851064,238.4546467425578,47.0,0.9274296760559082,522.4326782226562,4.701353549957275,11.99855545560232,0.4717763364315033,0.3366756737232208,0.02127659574468085,511.14398193359375,0.3519759178161621,1956.4073486328125,238.4546467425578,215.17671918869019,238.4546467425578,0.20072763964533805,47.0,4,-136.95303344726562
-82.01306915283203,0.19922220706939697,0.3714374899864197,0.01161761804096316,10000,0.8949902653694153,0.9294041991233826,-104.78539276123047,37.25292362585153,166.05,401.95148511472075,60.0,0.9116043448448181,630.0346069335938,33.45089340209961,11.784456169127562,0.472129225730896,0.4058409333229065,0.016666666666666666,622.997802734375,0.3244456350803375,1836.9693603515625,401.95148511472075,268.435307264328,401.95148511472075,0.21550239577889443,60.0,5,-93.57498168945312
-125.40081787109375,0.19457758963108063,0.3867085874080658,0.01208933992007461,12000,0.8928675651550293,0.9785065054893494,-80.81622314453125,37.449354624326745,165.45833333333334,725.1602606278019,72.0,0.9699299335479736,693.1242065429688,71.73438262939453,11.129305336697517,0.4744637906551361,0.20811210572719574,0.013888888888888888,679.0122680664062,0.16642436385154724,1395.1951904296875,725.1602606278019,320.4327583312988,725.1602606278019,0.20541313223540783,72.0,6,-63.6884651184082
-212.76937866210938,0.1921318769454956,0.3890088200569153,0.0136225708197137,14000,0.8953837156295776,0.9898615479469299,-2.6997108459472656,37.57773773409737,166.42857142857142,997.6151472980848,84.0,0.9842050671577454,717.4370727539062,106.13890075683594,10.710100797336171,0.47655344009399414,0.10957425832748413,0.011904761904761904,703.3426513671875,0.07790501415729523,1445.9605712890625,997.6151472980848,372.5610120296478,997.6151472980848,0.2044367839396,84.0,7,13.749279022216797
-343.094970703125,0.19526679813861847,0.36966457962989807,0.010310046129879225,16000,0.904951274394989,0.9808545708656311,67.58387756347656,37.66720509679376,168.22105263157894,1046.908355297904,95.0,0.9843071103096008,762.4727783203125,117.19744110107422,10.51091737955058,0.4687558710575104,0.14449697732925415,0.010526315789473684,749.5450439453125,0.12269724160432816,1284.5552978515625,1046.908355297904,424.7726891040802,1046.908355297904,0.20692545920610428,95.0,8,83.93526458740234
-428.6561584472656,0.19750802218914032,0.35376131534576416,0.010517278057089798,18000,0.912718653678894,0.9557624459266663,124.59546661376953,37.71853934834631,169.5,1124.01866768198,106.0,0.9812252521514893,830.4880981445312,130.04364013671875,10.527584564756031,0.47520509362220764,0.16553647816181183,0.009433962264150943,818.7501220703125,0.26444217562675476,2178.66162109375,1124.01866768198,477.2189037799835,1366.219370714873,0.20494022309780122,106.0,9,140.46444702148438
-506.2303771972656,0.19464950263500214,0.3543013036251068,0.010106897490323717,20000,0.9138733744621277,0.9667173624038696,136.08164978027344,37.776464249636824,169.72649572649573,1243.9394640641237,117.0,0.9636242985725403,877.8887329101562,182.3502197265625,10.193963115141964,0.4721388816833496,0.23817142844200134,0.008547008547008548,866.7698364257812,0.23385146260261536,1262.3272705078125,1243.9394640641237,529.430172920227,1647.042296320602,0.19889549866318704,117.0,10,155.52793884277344
-585.8198852539062,0.1967725306749344,0.35558339953422546,0.010106897490323717,22000,0.914886474609375,0.9499804973602295,217.41964721679688,37.815544962210225,167.58778625954199,1168.2865854002584,131.0,0.9575915932655334,911.7496337890625,204.1993865966797,10.38325822804674,0.47100648283958435,0.23811247944831848,0.007633587786259542,898.9100341796875,0.2849160432815552,1547.7979736328125,1168.2865854002584,581.7713329792023,1733.656734613241,0.19661742106080055,131.0,11,236.17788696289062
-628.7185668945312,0.19528178870677948,0.36141347885131836,0.010944321720492653,24000,0.9137705564498901,0.9561722874641418,224.683349609375,37.81204416199229,167.3146853146853,1266.807223644856,143.0,0.9596996903419495,940.9575805664062,264.25311279296875,10.128073397292301,0.47037383913993835,0.2484138309955597,0.006993006993006993,930.4407958984375,0.27669626474380493,2281.945068359375,1266.807223644856,634.7183954715729,1748.0434798759882,0.20984775692224503,143.0,12,240.4187469482422
-656.5498657226562,0.19460618495941162,0.36355355381965637,0.013091022799070031,26000,0.9138693809509277,0.9638620018959045,264.4171142578125,37.81297475541072,166.9806451612903,1357.4439232745162,155.0,0.9651404023170471,963.3151245117188,319.16156005859375,9.987107174443336,0.47303903102874756,0.24067211151123047,0.0064516129032258064,955.7523803710938,0.2654358148574829,2956.293701171875,1357.4439232745162,687.5946726799011,1968.286851011325,0.1919388739578426,155.0,13,280.36419677734375
-701.37158203125,0.19467125833034515,0.356123685836792,0.011164302587074557,28000,0.9177243709564209,0.9276876449584961,269.32135009765625,37.78115069446059,167.4131736526946,1326.4211665046591,167.0,0.9223055839538574,1028.46728515625,341.1197814941406,10.032402285905855,0.47451433539390564,0.36030685901641846,0.005988023952095809,1021.1187744140625,0.34631121158599854,3813.810546875,1326.4211665046591,741.1103019714355,1813.0357760086438,0.19157568201422692,167.0,14,286.5328369140625
-760.0301513671875,0.19441907107830048,0.3617755174636841,0.010728675346037303,30000,0.9163346290588379,0.9287561774253845,303.3297424316406,37.70609504812088,165.6961325966851,1407.5473844174871,181.0,0.9476103186607361,1076.0245361328125,387.7796630859375,9.886455781902992,0.4738400876522064,0.2691217064857483,0.011049723756906077,1069.34228515625,0.3059260845184326,1132.30712890625,1407.5473844174871,795.6273372173309,1801.4491529712782,0.17683244146406651,181.0,15,319.16998291015625
-827.2479858398438,0.1941598653793335,0.36266887187957764,0.012833077932624282,32000,0.9163668751716614,0.9391084909439087,362.41778564453125,37.65636742309197,165.59067357512953,1493.8035765795419,193.0,0.9284811615943909,1107.142578125,424.99981689453125,9.645194374325687,0.4717576801776886,0.32658159732818604,0.010362694300518135,1100.6741943359375,0.2969304919242859,2286.24462890625,1493.8035765795419,849.7898812294006,1863.5218027707015,0.19511614210903644,193.0,16,379.610107421875
-842.516357421875,0.19380201399326324,0.3678170442581177,0.013091022799070031,34000,0.914981484413147,0.8812344670295715,383.9971923828125,37.650144103484145,164.90776699029126,1568.46195805653,206.0,0.876774251461029,1102.2999267578125,468.8727722167969,9.58058397480244,0.4751656949520111,0.4589966833591461,0.009708737864077669,1094.7171630859375,0.4504469633102417,4539.1298828125,1568.46195805653,903.0509924888611,2039.5718458535525,0.1799910217151046,206.0,17,400.6832275390625
-899.561767578125,0.1953933984041214,0.3715716302394867,0.01208933992007461,36000,0.9138891100883484,0.9332237839698792,388.8449401855469,37.60793218396274,164.77064220183487,1597.4752841084253,218.0,0.9101845026016235,1137.91943359375,493.7409362792969,9.610857809214933,0.4773123264312744,0.3913561701774597,0.009174311926605505,1127.087158203125,0.3491724133491516,1820.5897216796875,1597.4752841084253,957.2448658943176,1991.8587605835878,0.19750616520643235,218.0,18,405.9605712890625
-915.3939819335938,0.19515401124954224,0.37447765469551086,0.01185113216358652,38000,0.9129624366760254,0.9493348598480225,422.18548583984375,37.547618783427005,164.98260869565217,1700.6557354436075,230.0,0.9163538813591003,1143.6685791015625,531.2756958007812,9.414499758660892,0.47907555103302,0.36493924260139465,0.008695652173913044,1134.3818359375,0.2719654142856598,2223.998046875,1700.6557354436075,1012.0481998920441,2392.967524809236,0.20124122604727746,230.0,19,440.3125
-918.0203857421875,0.19546626508235931,0.37702038884162903,0.008449541294664952,40000,0.9120270013809204,0.9318839311599731,432.43829345703125,37.49486582899841,164.05349794238683,1739.948607436026,243.0,0.9584488868713379,1161.9571533203125,560.4203491210938,9.33251851459944,0.4801531732082367,0.23594172298908234,0.00823045267489712,1150.439208984375,0.32966357469558716,1211.60986328125,1739.948607436026,1066.8127253055573,2416.540786257398,0.19302683740854262,243.0,20,456.0863037109375
-980.270751953125,0.19670367240905762,0.375348836183548,0.007649259507199841,42000,0.9126418828964233,0.9218461513519287,495.16290283203125,37.43291177471152,165.1259842519685,1681.9498450932936,254.0,0.9131925106048584,1181.0653076171875,560.352783203125,9.472367207426782,0.4808875024318695,0.3739660978317261,0.007874015748031496,1170.1597900390625,0.3491356670856476,2895.056640625,1681.9498450932936,1122.0072927474976,2216.943718719631,0.2001551465690136,254.0,21,514.93896484375
-972.4749145507812,0.1964583843946457,0.3780636489391327,0.008283051950460692,44000,0.9115453958511353,0.9274398684501648,521.8419799804688,37.39192912342941,165.60377358490567,1707.1448736493755,265.0,0.9373517036437988,1217.998779296875,586.5074462890625,9.457835123469163,0.4816972017288208,0.31996703147888184,0.007547169811320755,1211.0186767578125,0.35902151465415955,1968.7840576171875,1707.1448736493755,1176.7245240211487,2362.633633385906,0.2097543317079544,265.0,22,541.5214233398438
-965.677734375,0.19749446213245392,0.3812861740589142,0.00795985011672278,46000,0.9104655385017395,0.9341073036193848,503.4210510253906,37.33465517325184,164.86021505376345,1678.2154816658956,279.0,0.8993831276893616,1246.83203125,596.9594116210938,9.548930428622738,0.48235785961151123,0.4081782102584839,0.007168458781362007,1239.8201904296875,0.31816360354423523,1589.4527587890625,1678.2154816658956,1232.0992329120636,2194.927582216794,0.19495125509798528,279.0,23,521.4948120117188
-995.9771118164062,0.19776016473770142,0.38554972410202026,0.008283051950460692,48000,0.9089635014533997,0.9504044651985168,515.2890625,37.26472251117617,163.82191780821918,1669.8312001109991,292.0,0.9577885270118713,1254.482421875,613.9102783203125,9.451434375340309,0.4792874753475189,0.2602970004081726,0.00684931506849315,1245.546142578125,0.301752507686615,897.70751953125,1669.8312001109991,1288.0815088748932,2004.6987863853183,0.20399148657917976,292.0,24,535.4312133789062
-990.974365234375,0.19780641794204712,0.3890659511089325,0.008449541294664952,50000,0.9077714085578918,0.9608989953994751,562.6792602539062,37.182085594879695,162.5928338762215,1687.8163855474374,307.0,0.9452780485153198,1195.3953857421875,632.4382934570312,9.325982005718057,0.4770011007785797,0.2803124189376831,0.006514657980456026,1188.3353271484375,0.23965966701507568,1855.25,1687.8163855474374,1344.7336049079895,1909.3480677722491,0.1919120591506362,307.0,25,580.615478515625
-986.686767578125,0.1986534595489502,0.3902731239795685,0.008119843104068908,52000,0.9074933528900146,0.9746083617210388,533.9093627929688,37.11594316369411,161.70716510903426,1687.8439603164288,321.0,0.9651493430137634,1170.8798828125,646.1534423828125,9.388549035605765,0.4774473011493683,0.2388869971036911,0.006230529595015576,1162.266357421875,0.16851182281970978,1589.7354736328125,1687.8439603164288,1401.0151855945587,1826.070759265599,0.19368179064244032,321.0,26,552.356689453125
-1026.3809814453125,0.19837705790996552,0.3930409848690033,0.00735078803626736,54000,0.9065588116645813,0.9572685956954956,557.439697265625,37.033864681000864,162.06606606606607,1725.9624378170743,333.0,0.9461466073989868,1184.4473876953125,666.6199340820312,9.295086096330063,0.47683608531951904,0.2917300760746002,0.006006006006006006,1175.90185546875,0.2789939045906067,993.392578125,1725.9624378170743,1458.1248936653137,1767.240889261089,0.21125768914818763,333.0,27,579.802734375
-995.2305297851562,0.1981719732284546,0.39271149039268494,0.00795985011672278,56000,0.9067647457122803,0.9666568040847778,580.7659301757812,36.92131273278351,162.57558139534885,1740.4680430874917,344.0,0.9659428596496582,1187.5135498046875,680.8652954101562,9.268509826124772,0.4770537316799164,0.22215135395526886,0.005813953488372093,1178.998779296875,0.23714523017406464,1907.742919921875,1740.4680430874917,1516.7391366958618,1752.8630605491117,0.17910126492381095,344.0,28,600.9674682617188
-1022.32666015625,0.19880948960781097,0.3912065923213959,0.007803009623294559,58000,0.9075176119804382,0.9563101530075073,631.8671875,36.815301078390114,162.87640449438203,1701.8639460498464,356.0,0.9824950695037842,1178.2960205078125,680.719970703125,9.364141865780436,0.4782845973968506,0.18064841628074646,0.0056179775280898875,1168.908447265625,0.25332289934158325,3099.640869140625,1701.8639460498464,1575.43190741539,1739.1802561406635,0.1984706276655197,356.0,29,651.89453125
-1014.8906860351562,0.19944238662719727,0.39256855845451355,0.00735078803626736,60000,0.906932532787323,0.9458793997764587,564.14697265625,36.70758295236325,162.4959349593496,1713.771044476934,369.0,0.9534295201301575,1194.5960693359375,696.0068969726562,9.34338101845637,0.4778120517730713,0.28251346945762634,0.005420054200542005,1185.8643798828125,0.3132782280445099,2304.939697265625,1713.771044476934,1634.5396556854248,1797.5174950657238,0.20283101804554463,369.0,30,585.7156982421875
-1017.8119506835938,0.19930684566497803,0.3942009508609772,0.007803009623294559,62000,0.9063816666603088,0.9213494658470154,641.3975219726562,36.602932367239326,162.60629921259843,1727.4637786166732,381.0,0.9363219738006592,1135.4619140625,708.06201171875,9.314045483196777,0.477552205324173,0.3413112163543701,0.005249343832020997,1128.99072265625,0.3566632866859436,2190.03564453125,1727.4637786166732,1693.8533606529236,1863.505007976041,0.19748746782541274,381.0,31,661.8895263671875
-1020.81103515625,0.19933342933654785,0.3963067829608917,0.008449541294664952,64000,0.905575692653656,0.9051671028137207,551.7473754882812,36.49571052993371,162.60814249363867,1731.5624674105575,393.0,0.9387261271476746,1186.5159912109375,718.6844482421875,9.294480599157543,0.476904034614563,0.32717353105545044,0.005089058524173028,1184.05126953125,0.4199736714363098,1587.135498046875,1731.5624674105575,1753.6307437419891,1906.3753817915856,0.205427774079144,393.0,32,564.07421875
-1020.8203125,0.19902797043323517,0.39750680327415466,0.00735078803626736,66000,0.9053004384040833,0.9606097936630249,529.717041015625,36.388450326413775,162.92345679012345,1786.683854293425,405.0,0.9637331962585449,1227.3524169921875,739.6240844726562,9.234658658834292,0.47831013798713684,0.2517104148864746,0.0049382716049382715,1225.8494873046875,0.24278822541236877,1371.450927734375,1786.683854293425,1813.7623176574707,2092.622654565809,0.2080079908668995,405.0,33,544.6129760742188
-1032.1998291015625,0.19918477535247803,0.39926186203956604,0.009149642450409314,68000,0.9046132564544678,0.9777058362960815,539.70751953125,36.293839253163306,162.20525059665871,1807.670191807421,419.0,0.9772703051567078,1226.422119140625,756.318359375,9.13573041478709,0.4764859974384308,0.19673199951648712,0.007159904534606206,1219.56591796875,0.18477095663547516,2721.839599609375,1807.670191807421,1873.5962190628052,2158.2701784686037,0.21844921872019768,419.0,34,557.1549072265625
-1027.182373046875,0.1986292153596878,0.40213438868522644,0.008283051950460692,70000,0.9035648703575134,0.9768611788749695,531.6542358398438,36.20952318769244,161.9398148148148,1848.0626702310487,432.0,0.9629272818565369,1243.60791015625,774.9944458007812,9.076545231519313,0.47684475779533386,0.24440085887908936,0.006944444444444444,1237.0924072265625,0.21144121885299683,1115.2269287109375,1848.0626702310487,1933.1930894851685,2259.1648249947098,0.2106915143877268,432.0,35,546.2828369140625
-1051.6904296875,0.19859075546264648,0.40463516116142273,0.008283051950460692,72000,0.9026525020599365,0.9705408811569214,503.19097900390625,36.11951078991158,161.638202247191,1892.9378064613888,445.0,0.9702147245407104,1275.003173828125,793.0814208984375,8.972756616925645,0.4766685664653778,0.22543910145759583,0.008988764044943821,1267.9110107421875,0.1970805525779724,3309.6884765625,1892.9378064613888,1993.3824801445007,2403.7848750650837,0.18039726897142827,445.0,36,518.2078857421875
-1043.8642578125,0.19948172569274902,0.4054568409919739,0.010517278057089798,74000,0.9024732708930969,0.9786264896392822,470.6482849121094,36.04253158572537,160.68260869565216,1919.020353706578,460.0,0.9667051434516907,1327.527587890625,808.970458984375,8.90723186468782,0.47604870796203613,0.23026864230632782,0.008695652173913044,1321.142822265625,0.1972222924232483,6269.51171875,1919.020353706578,2053.129920244217,2684.0633697843564,0.17693644922226667,460.0,37,481.9900817871094
-1063.8779296875,0.1989467591047287,0.4066803753376007,0.007803009623294559,76000,0.9021153450012207,0.9767193794250488,450.0924072265625,35.97156006224155,160.90042372881356,1975.6990404841406,472.0,0.9882625341415405,1330.8277587890625,829.7490234375,8.813000561762221,0.47652485966682434,0.12910296022891998,0.01059322033898305,1319.9013671875,0.19977742433547974,11232.8837890625,1975.6990404841406,2112.780203819275,2882.874845101804,0.2235959641635418,472.0,38,466.11163330078125
-1053.0799560546875,0.19899123907089233,0.40727829933166504,0.007205948471980551,78000,0.9020245671272278,0.9855104684829712,441.3572998046875,35.854216608522854,160.6103092783505,1999.0238263271326,485.0,0.982831597328186,1347.647216796875,840.3067626953125,8.755849817851704,0.47632625699043274,0.18023042380809784,0.010309278350515464,1336.1673583984375,0.14442971348762512,1604.5029296875,1999.0238263271326,2175.476342201233,3013.1826177846788,0.18952186405658722,485.0,39,456.42425537109375
-1114.0166015625,0.19886809587478638,0.4080972671508789,0.009149642450409314,80000,0.9017306566238403,0.9735609889030457,435.51409912109375,35.75032801563771,160.06613226452905,2025.1616713599058,499.0,0.9848140478134155,1328.61474609375,855.1143798828125,8.661863209937442,0.47565987706184387,0.1550268530845642,0.01002004008016032,1324.5908203125,0.17567527294158936,2033.74560546875,2025.1616713599058,2237.74170589447,3097.6981895089516,0.18938190154731274,499.0,40,449.0975036621094
-1119.147216796875,0.19869601726531982,0.4104648530483246,0.007803009623294559,82000,0.9006921052932739,0.9744939804077148,443.17047119140625,35.66497332841169,160.55686274509804,2062.6264054725625,510.0,0.9788331389427185,1331.068115234375,873.89697265625,8.625094338316735,0.4764305055141449,0.17986060678958893,0.00980392156862745,1323.000732421875,0.16784599423408508,1330.6312255859375,2062.6264054725625,2299.1745779514313,3211.961506596568,0.21077696330845355,510.0,41,459.025634765625
-1094.543701171875,0.19866733253002167,0.4105709195137024,0.010106897490323717,84000,0.9007595777511597,0.9521487355232239,448.34613037109375,35.59557391610827,160.49713193116634,2099.5359394923094,523.0,0.9561733603477478,1310.09326171875,887.8443603515625,8.533177241245255,0.47628918290138245,0.26677170395851135,0.011472275334608031,1308.0540771484375,0.2896174192428589,2347.564453125,2099.5359394923094,2359.8439569473267,3256.0620668011506,0.19973766576498747,523.0,42,462.3343200683594
-1105.2784423828125,0.20062577724456787,0.4122999608516693,0.008449541294664952,86000,0.9000118374824524,0.9509839415550232,551.4158935546875,35.547675233277175,160.3992537313433,2132.9417644820464,536.0,0.9846857786178589,1322.8681640625,903.4281005859375,8.50363757292681,0.4768395721912384,0.1646188497543335,0.011194029850746268,1319.339599609375,0.3033488094806671,21075.884765625,2132.9417644820464,2419.286196231842,3344.3053884046494,0.19013167664408684,536.0,43,569.9263916015625
-1198.3140869140625,0.20065753161907196,0.41411182284355164,0.008283051950460692,88000,0.8992197513580322,0.9813319444656372,480.0475769042969,35.51699182450634,159.7005444646098,2145.4522250589694,551.0,0.9747578501701355,1336.946044921875,915.6998901367188,8.451117483615025,0.4763217270374298,0.21432185173034668,0.010889292196007259,1334.74951171875,0.1642339527606964,1865.2772216796875,2145.4522250589694,2477.687311887741,3261.310195684406,0.1885754593461752,551.0,44,497.5328369140625
-1154.494384765625,0.2004227489233017,0.4150063693523407,0.007498538875796335,90000,0.8988913297653198,0.9699888229370117,457.3536071777344,35.47383732621502,159.52930728241563,2166.030549914869,563.0,0.983417272567749,1348.2884521484375,929.3632202148438,8.419090081251774,0.47665584087371826,0.16996216773986816,0.010657193605683837,1344.4302978515625,0.2149401605129242,1407.8125,2166.030549914869,2537.0810372829437,3242.444682978501,0.20062609046697616,563.0,45,473.49932861328125
-1171.8544921875,0.2009921818971634,0.4158920645713806,0.008792626553888941,92000,0.898472249507904,0.9872109889984131,478.62225341796875,35.42339607261463,159.1522491349481,2168.612666195943,578.0,0.9671321511268616,1348.4144287109375,936.3847045898438,8.373871344599358,0.47520744800567627,0.24391765892505646,0.012110726643598616,1347.5281982421875,0.12666383385658264,2228.554443359375,2168.612666195943,2597.1535820961,3102.2854869173275,0.21525976553559303,578.0,46,492.679443359375
-1200.0418701171875,0.2004348486661911,0.41721704602241516,0.007803009623294559,94000,0.8979188203811646,0.966128408908844,520.5529174804688,35.36623664621935,159.28135593220338,2196.9220368331808,590.0,0.9595586657524109,1370.6964111328125,947.7490234375,8.321313683096282,0.474981427192688,0.26919442415237427,0.011864406779661017,1369.851806640625,0.2246236801147461,1833.24755859375,2196.9220368331808,2657.9022512435913,3116.5788443802226,0.19990370877087116,590.0,47,534.244384765625
-1213.480712890625,0.20044521987438202,0.4169387221336365,0.008283051950460692,96000,0.8981390595436096,0.9879112243652344,491.1042785644531,35.30661553151957,159.14593698175787,2206.6974687767456,603.0,0.9757182598114014,1377.427734375,957.322265625,8.283852219135277,0.47448912262916565,0.17053505778312683,0.011608623548922056,1375.479736328125,0.14287088811397552,3517.960693359375,2206.6974687767456,2719.037170648575,3057.7139779112813,0.20426810167729856,603.0,48,508.0828552246094
-1184.8148193359375,0.20047332346439362,0.41814854741096497,0.007803009623294559,98000,0.8975329995155334,0.9790101647377014,453.086181640625,35.2438728009497,158.77957860615882,2210.8596852340092,617.0,0.9818887710571289,1394.461181640625,963.8363037109375,8.248354112979847,0.47347211837768555,0.155116468667984,0.011345218800648298,1387.755615234375,0.20318564772605896,2884.471923828125,2210.8596852340092,2780.625175714493,2925.4456928940485,0.18819483384490013,617.0,49,474.4983825683594
-1210.91064453125,0.2003873586654663,0.41813960671424866,0.007649259507199841,100000,0.8975701332092285,0.9881049394607544,517.3231201171875,35.19458961671113,158.66507936507938,2226.5570319376584,630.0,0.9905162453651428,1329.023193359375,973.9864501953125,8.219648999500702,0.473335862159729,0.11966825276613235,0.011111111111111112,1324.939208984375,0.1487928032875061,2621.36962890625,2226.5570319376584,2841.3458173274994,2857.599943927001,0.18609357349574565,630.0,50,532.966064453125
-1213.108642578125,0.19995315372943878,0.41796913743019104,0.007498538875796335,102000,0.8975836038589478,0.9855248928070068,521.468505859375,35.15108699078971,158.5692068429238,2244.4629484041902,643.0,0.9850284457206726,1346.9481201171875,986.1099853515625,8.171503585582245,0.4731422960758209,0.08944675326347351,0.012441679626749611,1341.3077392578125,0.12468350678682327,1831.1368408203125,2244.4629484041902,2901.7594826221466,2835.8940399930825,0.19315523907542229,643.0,51,540.0599365234375
-1228.1700439453125,0.19995422661304474,0.4184250235557556,0.00795985011672278,104000,0.8973524570465088,0.9867889881134033,543.6063232421875,35.097816820054156,158.14459665144597,2247.656062229678,657.0,0.9778252840042114,1339.178466796875,995.134765625,8.159863700275208,0.47280576825141907,0.12672792375087738,0.0121765601217656,1334.200927734375,0.1366497129201889,2391.577880859375,2247.656062229678,2963.1472673416138,2767.6049399213207,0.2061947141587734,657.0,52,557.365234375
-1217.6480712890625,0.20846696197986603,0.4189836382865906,0.007498538875796335,106000,0.8971253633499146,0.9888100624084473,514.5559692382812,35.041358400012946,158.38714499252615,2274.455649608788,669.0,0.9893722534179688,1340.5904541015625,1006.2849731445312,8.113831110139598,0.4732659161090851,0.10714776813983917,0.01195814648729447,1338.9736328125,0.13917718827724457,1690.042236328125,2274.455649608788,3024.9968848228455,2929.430138035293,0.20155126743018628,669.0,53,527.3106079101562
-1246.8193359375,0.2083197832107544,0.4200424551963806,0.007803009623294559,108000,0.8965479135513306,0.9878199696540833,504.3422546386719,34.98485175900689,157.83040935672514,2279.6382627282005,684.0,0.980552077293396,1352.4404296875,1012.438232421875,8.066871793174622,0.47209444642066956,0.17373177409172058,0.011695906432748537,1343.1849365234375,0.1296345591545105,1814.3084716796875,2279.6382627282005,3087.050382375717,2824.5625313033775,0.21221174135804177,684.0,54,522.1129760742188
-1301.2891845703125,0.20841491222381592,0.4207688271999359,0.008119843104068908,110000,0.8960583806037903,0.9805007576942444,576.2999267578125,34.92866019740163,157.45558739255014,2287.908895276868,698.0,0.9563701152801514,1343.3291015625,1020.9357299804688,8.046999017922307,0.4719536602497101,0.2759106159210205,0.011461318051575931,1345.12841796875,0.19543133676052094,1049.22900390625,2287.908895276868,3149.276249885559,2848.700952207501,0.20519521936774254,698.0,55,590.4158325195312
-1290.02197265625,0.2081730216741562,0.4226723611354828,0.008449541294664952,112000,0.8951372504234314,0.9724042415618896,573.1524658203125,34.88826959760474,157.14466292134833,2296.7216698722546,712.0,0.9646959900856018,1339.8170166015625,1028.124755859375,8.020882889357798,0.4715641736984253,0.24149955809116364,0.012640449438202247,1336.9383544921875,0.2103768289089203,1813.8363037109375,2296.7216698722546,3210.2480659484863,2802.012211619261,0.20839448392391205,712.0,56,587.2266845703125
-1267.3123779296875,0.2078360766172409,0.42374759912490845,0.007498538875796335,114000,0.894477903842926,0.9788932800292969,530.6641235351562,34.8438218546606,156.6506189821183,2295.2757168923813,727.0,0.9584434032440186,1356.599365234375,1032.128662109375,7.995521613436415,0.470906525850296,0.25993138551712036,0.015130674002751032,1353.6181640625,0.17298437654972076,1445.7740478515625,2295.2757168923813,3271.742131948471,2737.9153544383607,0.20703673169016837,727.0,57,543.9901733398438
-1275.2757568359375,0.20766465365886688,0.42387253046035767,0.008283051950460692,116000,0.8942942023277283,0.9892691969871521,550.9224853515625,34.79732058481089,156.2479784366577,2296.0657530231315,742.0,0.9865055084228516,1348.826904296875,1040.8839111328125,7.989296826455022,0.4711569547653198,0.14142420887947083,0.014824797843665768,1341.2335205078125,0.1293458789587021,1368.931396484375,2296.0657530231315,3333.5900020599365,2632.0382533251327,0.21732078365981577,742.0,58,567.1661987304688
-1294.724609375,0.2075144499540329,0.4226125478744507,0.008449541294664952,118000,0.8947302103042603,0.9914402365684509,579.2403564453125,34.760321591213696,156.00661375661375,2300.417952935402,756.0,0.987293004989624,1346.3529052734375,1048.1728515625,7.978814684495981,0.47080060839653015,0.1310230940580368,0.01455026455026455,1339.0318603515625,0.11405310034751892,4360.033203125,2300.417952935402,3394.675152540207,2641.277250040219,0.18939126923680305,756.0,59,599.0473022460938
-1280.63525390625,0.20712512731552124,0.4216534495353699,0.007205948471980551,120000,0.8950684070587158,0.9966097474098206,520.935302734375,34.730784315697015,155.67142857142858,2306.6538421578307,770.0,0.989931046962738,1368.969970703125,1054.7060546875,7.963319895709382,0.46968403458595276,0.10523896664381027,0.015584415584415584,1364.94775390625,0.04438724368810654,1967.7071533203125,2306.6538421578307,3455.1480009555817,2497.16870964272,0.2096341922879219,770.0,60,537.7496948242188
-1291.8492431640625,0.20709574222564697,0.4211679697036743,0.006654572515946094,122000,0.8952727317810059,0.9967197179794312,561.2828979492188,34.68863379400093,155.37452229299362,2318.350084623366,785.0,0.9926944971084595,1341.39599609375,1064.589111328125,7.943119220067838,0.4702277183532715,0.0910981297492981,0.015286624203821656,1336.13525390625,0.07062399387359619,1687.2601318359375,2318.350084623366,3517.002160549164,2564.2109965893196,0.20239584252238274,785.0,61,579.0442504882812
-1308.14404296875,0.20742876827716827,0.4203689694404602,0.006145386071268126,124000,0.8954157829284668,0.9961410164833069,566.8601684570312,34.65852857581205,155.35213032581453,2320.397568719314,798.0,0.9884893894195557,1302.52880859375,1071.07421875,7.96311664087407,0.4707479774951935,0.08098693937063217,0.015037593984962405,1302.00244140625,0.019394289702177048,1654.1248779296875,2320.397568719314,3577.762966156006,2547.168509347588,0.20984852463006973,798.0,62,583.5520629882812
-1310.01220703125,0.20718185603618622,0.42078346014022827,0.006924774844929294,126000,0.8951324224472046,0.9965416789054871,547.1876220703125,34.630414154594064,155.49753086419753,2330.910629006196,810.0,0.9904911518096924,1290.3887939453125,1077.744384765625,7.951088125897169,0.47104549407958984,0.04563652724027634,0.014814814814814815,1289.614990234375,0.017764868214726448,2314.9580078125,2330.910629006196,3638.420246362686,2593.5076350187546,0.21233212754130362,810.0,63,559.228515625
-1252.522705078125,0.23474939167499542,0.420550137758255,0.007498538875796335,128000,0.8950654864311218,0.9738106727600098,621.8046264648438,34.60046870309371,155.0121212121212,2334.595489129726,825.0,0.9789429306983948,1289.254638671875,1082.98828125,7.926166933404285,0.47032496333122253,0.17947237193584442,0.014545454545454545,1285.359619140625,0.13859225809574127,2024.6929931640625,2334.595489129726,3699.3718523979187,2595.70017194552,0.19636955693364144,825.0,64,641.589111328125
-1302.0498046875,0.23451323807239532,0.4204898178577423,0.008119843104068908,130000,0.8950899243354797,0.9927138090133667,629.5849609375,34.56240078738946,154.85578069129917,2344.235284775075,839.0,0.9852384328842163,1281.9200439453125,1090.325927734375,7.921935686541361,0.4709254205226898,0.12668244540691376,0.014302741358760428,1278.96533203125,0.09212194383144379,2024.572021484375,2344.235284775075,3761.312786102295,2640.185267508279,0.18874365746974944,839.0,65,643.9097900390625
-1325.4212646484375,0.23404623568058014,0.42032507061958313,0.006394913388759758,132000,0.8951168060302734,0.9943068623542786,650.0534057617188,34.519060811230915,154.83215962441315,2357.1874181156377,852.0,0.9919509291648865,1283.5831298828125,1096.186279296875,7.896157484739114,0.4709630310535431,0.10233308374881744,0.014084507042253521,1282.7161865234375,0.06865939497947693,5279.080078125,2357.1874181156377,3823.974259376526,2810.545177296189,0.20741239957511426,852.0,66,660.0487670898438
-1321.1640625,0.23346035182476044,0.42020681500434875,0.009333550263662541,134000,0.8951813578605652,0.9814939498901367,635.6943359375,34.48391150299866,154.68706697459584,2364.478769290621,866.0,0.9225984215736389,1331.35107421875,1098.15234375,7.864950898178379,0.4701520502567291,0.3713942766189575,0.015011547344110854,1334.1805419921875,0.18173131346702576,2264.07421875,2364.478769290621,3885.870081424713,2787.236073075689,0.18832199960947038,866.0,67,647.5014038085938
-1297.0670166015625,0.23308074474334717,0.4202480912208557,0.0062689083313006155,136000,0.8952189683914185,0.9893675446510315,602.7149658203125,34.44919832358239,154.98745724059293,2372.1399799948917,877.0,0.9504097700119019,1325.353759765625,1105.5281982421875,7.880242437476568,0.4711461067199707,0.29722362756729126,0.014823261117445839,1328.0858154296875,0.13158786296844482,1753.469482421875,2372.1399799948917,3947.842231988907,2837.9923954894584,0.21297298535704612,877.0,68,618.5866088867188
-1286.209716796875,0.23244912922382355,0.42018720507621765,0.0062689083313006155,138000,0.8952162861824036,0.9891323447227478,586.6610717773438,34.41793488094166,155.06524184476942,2384.0659684833354,889.0,0.9871108531951904,1350.885009765625,1113.060791015625,7.868076646765013,0.471340537071228,0.09112640470266342,0.014623172103487065,1347.0721435546875,0.12292760610580444,3843.56591796875,2384.0659684833354,4009.537483215332,2845.694706139236,0.20681356206536294,889.0,69,600.1428833007812
-1306.4925537109375,0.23490269482135773,0.4203013479709625,0.006654572515946094,140000,0.8951994776725769,0.9840917587280273,585.1954345703125,34.38498848781609,155.1818181818182,2402.0048089141906,902.0,0.9851047396659851,1390.3857421875,1119.1558837890625,7.830598551128978,0.4713229238986969,0.14765310287475586,0.014412416851441241,1386.127197265625,0.14143937826156616,2098.87646484375,2402.0048089141906,4071.544187068939,3018.52260609694,0.21091001167893408,902.0,70,598.5380859375
-1322.6912841796875,0.23452718555927277,0.4197819232940674,0.00735078803626736,142000,0.8955063223838806,0.9725562930107117,605.2675170898438,34.3570870446233,155.26477024070022,2412.4625954647213,914.0,0.9834262132644653,1333.8089599609375,1126.6888427734375,7.832104404753777,0.47224870324134827,0.1730959713459015,0.014223194748358862,1327.720703125,0.20624658465385437,1868.32666015625,2412.4625954647213,4133.062847137451,3093.034415128903,0.19629384130239486,914.0,71,623.2171630859375
-1327.4898681640625,0.23405779898166656,0.4197933077812195,0.006394913388759758,144000,0.8955100178718567,0.9786117672920227,618.8292846679688,34.32513741099311,155.36177105831533,2422.88268571807,926.0,0.9788734316825867,1353.22802734375,1131.960205078125,7.818246592595623,0.4722084105014801,0.14605966210365295,0.01511879049676026,1347.2921142578125,0.1654438078403473,1163.9788818359375,2422.88268571807,4195.1762137413025,3154.3318901618186,0.2034806687384844,926.0,72,635.0689697265625
-1317.8291015625,0.2337481528520584,0.42009902000427246,0.006394913388759758,146000,0.8953515291213989,0.9701805710792542,565.5323486328125,34.29661502638163,155.44621938232163,2436.43181353313,939.0,0.9729483723640442,1346.764404296875,1136.638671875,7.786870577749407,0.471889853477478,0.20056858658790588,0.01597444089456869,1336.5267333984375,0.20798124372959137,1032.2091064453125,2436.43181353313,4256.9798765182495,3209.9606898132165,0.18893708944320678,939.0,73,577.302001953125
-1311.8134765625,0.23333905637264252,0.42020532488822937,0.0062689083313006155,148000,0.8952367305755615,0.9406172633171082,542.662353515625,34.261661515165095,155.3266806722689,2443.0289740795356,952.0,0.9510219097137451,1321.3392333984375,1142.6817626953125,7.770772262009177,0.4719507694244385,0.27627867460250854,0.017857142857142856,1317.5323486328125,0.276340126991272,3695.8154296875,2443.0289740795356,4319.697103261948,3174.3990308919433,0.17568031775765122,952.0,74,556.57470703125
-1371.290283203125,0.2335478812456131,0.4184264838695526,0.004839897909672315,150000,0.8959633708000183,0.9514578580856323,527.4016723632812,34.23473839852759,155.49585062240664,2443.1168527232826,964.0,0.9612683653831482,1384.534423828125,1147.7242431640625,7.779503735982356,0.4723069369792938,0.121000275015831,0.017634854771784232,1381.4932861328125,0.1908448338508606,4322.94189453125,2443.1168527232826,4381.514421224594,3111.3204144170827,0.2001357750594616,964.0,75,549.0822143554688
-1396.3726806640625,0.2334360033273697,0.41620945930480957,0.005563337841870998,152000,0.8968937993049622,0.9606597423553467,544.0870361328125,34.21031876554389,155.85641025641024,2443.7387879736666,975.0,0.9523685574531555,1370.2283935546875,1154.5615234375,7.8022860140853405,0.47335556149482727,0.11194626241922379,0.017435897435897435,1370.127197265625,0.1898939162492752,1660.50390625,2443.7387879736666,4443.103878736496,3114.147366446408,0.21024973094463348,975.0,76,566.528076171875
-1407.20166015625,0.2334400862455368,0.4163178503513336,0.005675160932492605,154000,0.8967325091362,0.9525971412658691,596.3314819335938,34.178487462790194,156.13995943204867,2452.2005882011154,986.0,0.9501864910125732,1416.6343994140625,1160.9000244140625,7.797710136463882,0.4738682806491852,0.20865720510482788,0.017241379310344827,1413.0819091796875,0.2217293232679367,1895.5081787109375,2452.2005882011154,4505.758195638657,3091.7018719170524,0.202358707934618,986.0,77,615.6273803710938
-1417.5216064453125,0.23341894149780273,0.41665804386138916,0.005346258315755479,156000,0.8964264392852783,0.9349517822265625,534.7802734375,34.14556912819013,155.921,2450.2790984027106,1000.0,0.9329560995101929,1451.6683349609375,1165.5528564453125,7.81147459204348,0.47418808937072754,0.2580367922782898,0.017,1448.7008056640625,0.2946056127548218,1988.927001953125,2450.2790984027106,4568.674764633179,2872.518308523361,0.19846448704600334,1000.0,78,551.7442626953125
-1402.7879638671875,0.23327405750751495,0.4158427119255066,0.005240915906043995,158000,0.8967306017875671,0.9642460346221924,551.8989868164062,34.11472250345153,156.11561264822134,2456.9094556824325,1012.0,0.9590521454811096,1390.8360595703125,1170.4329833984375,7.795448598684491,0.47411999106407166,0.23688970506191254,0.017786561264822136,1391.135498046875,0.19486171007156372,1749.0635986328125,2456.9094556824325,4631.431487798691,2883.6230423199568,0.19912044532597065,1012.0,79,566.3305053710938
-1391.490478515625,0.23324096202850342,0.41587114334106445,0.005036417172795629,160000,0.8966076970100403,0.9661689400672913,574.0931396484375,34.08410479646858,155.98536585365855,2455.3661744160613,1025.0,0.9481084942817688,1363.117431640625,1174.7574462890625,7.789451902132019,0.47414645552635193,0.2691517472267151,0.0175609756097561,1357.811279296875,0.207597017288208,1726.780029296875,2455.3661744160613,4694.270275115967,2753.8963213858237,0.1979723972082138,1025.0,80,593.0050659179688
-1431.2144775390625,0.23298251628875732,0.41615331172943115,0.0044695645181095965,162000,0.8964739441871643,0.973120391368866,615.1495361328125,34.051076583805255,156.15347490347492,2463.809475861437,1036.0,0.9803225994110107,1328.4881591796875,1182.3023681640625,7.801048322145637,0.47510814666748047,0.1549370288848877,0.017374517374517374,1324.57177734375,0.0819423645734787,2051.984619140625,2463.809475861437,4757.558827877045,2738.4987009826227,0.20981068953871726,1036.0,81,630.7749633789062
-1381.1229248046875,0.23303915560245514,0.4151931703090668,0.005453718107902164,164000,0.8968279957771301,0.926982045173645,586.8799438476562,34.01643281632904,156.4551526717557,2465.4829063242187,1048.0,0.919154167175293,1341.556884765625,1186.5975341796875,7.792786812861399,0.4748486280441284,0.33873340487480164,0.01717557251908397,1335.773681640625,0.33148664236068726,1810.6175537109375,2465.4829063242187,4821.199238777161,2624.843031090003,0.1872098481655121,1048.0,82,604.5743408203125
-1440.68310546875,0.2327570915222168,0.4142366349697113,0.0049371798576567285,166000,0.8972042798995972,0.9629389643669128,602.622802734375,33.98651144328032,156.76370510396976,2475.403942155428,1058.0,0.9584664106369019,1326.635498046875,1192.2861328125,7.7806670847509825,0.4749981164932251,0.255676805973053,0.017013232514177693,1321.5347900390625,0.1653469204902649,2031.5018310546875,2475.403942155428,4884.290647983551,2768.655409587048,0.19681763052940368,1058.0,83,620.1928100585938
-1400.91259765625,0.2325197011232376,0.412649929523468,0.005036417172795629,168000,0.8978570103645325,0.9590821266174316,602.6222534179688,33.959249270827954,157.13295880149812,2492.0285486112375,1068.0,0.9676843881607056,1314.168212890625,1198.8482666015625,7.762022269219084,0.475254625082016,0.2227005809545517,0.017790262172284643,1305.8680419921875,0.22770105302333832,1519.9879150390625,2492.0285486112375,4947.105828523636,2966.5495362385655,0.2000972183048725,1068.0,84,626.466064453125
-1438.411376953125,0.23263323307037354,0.4100247621536255,0.005036417172795629,170000,0.8989275693893433,0.9680163264274597,576.4082641601562,33.92600375422942,157.49443413729128,2490.2081015935687,1078.0,0.9549849033355713,1338.999755859375,1201.1080322265625,7.772929904211775,0.47505369782447815,0.24622271955013275,0.017625231910946195,1333.720703125,0.2128101885318756,2048.804931640625,2490.2081015935687,5010.9055352211,2972.957033388651,0.20029784187674524,1078.0,85,599.8453369140625
-1441.34765625,0.23247689008712769,0.40941137075424194,0.005346258315755479,172000,0.8992387056350708,0.9645280838012695,616.065673828125,33.893248061246446,157.7,2486.4048547406055,1090.0,0.9712793231010437,1335.093017578125,1205.7462158203125,7.791566905615354,0.4755115807056427,0.18344305455684662,0.01743119266055046,1330.8099365234375,0.2196112871170044,1558.6239013671875,2486.4048547406055,5074.7570633888245,2831.737347656771,0.18798133939504624,1090.0,86,639.3129272460938
-1436.5379638671875,0.2323174923658371,0.4087586998939514,0.004839897909672315,174000,0.8995320796966553,0.9629206657409668,599.49951171875,33.86112960171257,157.95458673932788,2489.830165498896,1101.0,0.9587532877922058,1340.864013671875,1211.9171142578125,7.823993442694284,0.4766082465648651,0.2087528109550476,0.01725703905540418,1336.2015380859375,0.22274106740951538,2051.942138671875,2489.830165498896,5138.635421991348,2883.3874560041995,0.2009637536108494,1101.0,87,621.1422729492188
-1475.421142578125,0.23223823308944702,0.4061843454837799,0.005036417172795629,176000,0.9007002115249634,0.9776177406311035,621.6971435546875,33.829468855565715,158.34473447344735,2488.7040998798116,1111.0,0.9780264496803284,1350.677978515625,1212.1180419921875,7.832793677867352,0.4770925045013428,0.14729909598827362,0.017101710171017102,1345.575927734375,0.13021744787693024,1422.537841796875,2488.7040998798116,5202.564685583115,2790.634260415699,0.2071237924695015,1111.0,88,643.8427734375
-1470.810791015625,0.23245041072368622,0.40481749176979065,0.0059055952237471445,178000,0.9013448357582092,0.9200559258460999,607.587646484375,33.797131542341724,158.28024911032028,2485.013103939991,1124.0,0.9211811423301697,1385.3514404296875,1213.6383056640625,7.842333550156757,0.47681304812431335,0.375108003616333,0.016903914590747332,1384.9752197265625,0.3565528988838196,1332.6585693359375,2485.013103939991,5266.71915268898,2783.757403081038,0.20320498891174793,1124.0,89,627.1036376953125
-1486.5145263671875,0.23211604356765747,0.40398603677749634,0.0049371798576567285,180000,0.9016768932342529,0.9574022889137268,575.5960083007812,33.763579092123685,158.59700176366843,2494.4854390738183,1134.0,0.9540323615074158,1417.2943115234375,1219.274169921875,7.81530031116031,0.47653910517692566,0.2647053897380829,0.01675485008818342,1414.1773681640625,0.2563842236995697,2486.3935546875,2494.4854390738183,5331.188364505768,2818.0334868256673,0.2041993695497513,1134.0,90,594.5829467773438
-1470.08447265625,0.2321215122938156,0.404137521982193,0.0049371798576567285,182000,0.9015748500823975,0.9657197594642639,520.1357421875,33.72873352255723,158.84454148471616,2501.439722595019,1145.0,0.9605997800827026,1457.1417236328125,1221.664306640625,7.800210253344759,0.4760749638080597,0.25327420234680176,0.016593886462882096,1452.2593994140625,0.2001054883003235,1327.3240966796875,2501.439722595019,5395.992703914642,2893.491862841233,0.20285823792219163,1145.0,91,539.1304321289062
-1488.444091796875,0.23211365938186646,0.40284934639930725,0.005137649157968821,184000,0.9020987749099731,0.9630934596061707,497.7624206542969,33.69357461179809,159.009507346586,2503.1813458312176,1157.0,0.9591137170791626,1437.218017578125,1223.3785400390625,7.782849887608504,0.4749469757080078,0.259309321641922,0.01728608470181504,1432.459228515625,0.24334248900413513,2262.228515625,2503.1813458312176,5460.981867313385,2820.0112768667445,0.1991060733795166,1157.0,92,516.9896240234375
-1500.180419921875,0.23169219493865967,0.4028187692165375,0.0049371798576567285,186000,0.9019870162010193,0.9621736407279968,488.1948547363281,33.65803409553094,159.26735218508998,2509.9673399535136,1167.0,0.968148410320282,1479.7398681640625,1228.982421875,7.763832591433165,0.4746342897415161,0.19093702733516693,0.017994858611825194,1480.8956298828125,0.24804630875587463,1547.0386962890625,2509.9673399535136,5526.169456958771,2740.7971337715194,0.20337524831295015,1167.0,93,503.50286865234375
-1495.8292236328125,0.23169569671154022,0.40173080563545227,0.005036417172795629,188000,0.902418315410614,0.9471221566200256,542.94775390625,33.621483060418335,159.30958439355385,2511.8784945990956,1179.0,0.9561282992362976,1402.1441650390625,1232.0322265625,7.760481620362853,0.4743424952030182,0.23552206158638,0.018659881255301103,1394.93798828125,0.28496870398521423,1527.3509521484375,2511.8784945990956,5591.6629157066345,2792.08348751039,0.202749375551939,1179.0,94,568.7508544921875
-1492.5185546875,0.23181813955307007,0.3994545340538025,0.004744532800384585,190000,0.9033631086349487,0.9299967885017395,632.806884765625,33.58442684977585,159.50924369747898,2519.0847357440803,1190.0,0.9798470139503479,1305.9622802734375,1234.20068359375,7.7259821349770075,0.4731067717075348,0.1155196949839592,0.018487394957983194,1287.2996826171875,0.3236108422279358,3612.349609375,2519.0847357440803,5657.384026527405,2875.2954386819583,0.21114212706685065,1190.0,95,669.813232421875
-1521.2716064453125,0.23369915783405304,0.3986358642578125,0.0045594027649236,192000,0.9036940336227417,0.9817489385604858,766.502685546875,33.543049497390676,159.5973377703827,2522.060172067065,1202.0,0.968944251537323,1136.5296630859375,1236.718505859375,7.710366504234398,0.4725317656993866,0.12809588015079498,0.018302828618968387,1125.1873779296875,0.06695228815078735,3371.8681640625,2522.060172067065,5723.9876182079315,2881.0606918169337,0.22213611885905266,1202.0,96,801.8250732421875
-1532.40478515625,0.23355448246002197,0.39762604236602783,0.005036417172795629,194000,0.9041800498962402,0.9799599647521973,805.092529296875,33.50358070317306,159.86067600989284,2538.652647772308,1213.0,0.967939019203186,1122.0782470703125,1241.2584228515625,7.701781589810493,0.4730416536331177,0.17025187611579895,0.018136850783182192,1108.475830078125,0.14261755347251892,1872.1884765625,2538.652647772308,5790.42585682869,3075.774981341009,0.18181025445461274,1213.0,97,838.3380126953125
-1531.56689453125,0.23377875983715057,0.39672866463661194,0.005240915906043995,196000,0.9044533967971802,0.9874700307846069,871.9656982421875,33.4668380617906,160.1717089125102,2548.6105330436017,1223.0,0.9898865222930908,1077.3450927734375,1246.092529296875,7.684333072840346,0.4728764593601227,0.07694407552480698,0.017988552739165987,1067.3145751953125,0.018519427627325058,3897.439697265625,2548.6105330436017,5856.5437116622925,3257.082364638039,0.20046581238508224,1223.0,98,903.778076171875
-1540.2613525390625,0.23373836278915405,0.39528927206993103,0.004744532800384585,198000,0.9050530791282654,0.9683308601379395,830.8583984375,33.42879117958081,160.38168557536466,2561.251994889652,1234.0,0.9785993695259094,1095.8922119140625,1250.2889404296875,7.64983688673087,0.47236892580986023,0.1254892498254776,0.019448946515397084,1091.0889892578125,0.1789659857749939,1919.3453369140625,2561.251994889652,5923.0379865169525,3318.384737841205,0.20993702754378318,1234.0,99,853.5555419921875
-1536.870361328125,0.2335960417985916,0.39239320158958435,0.005563337841870998,200000,0.906234085559845,0.9818008542060852,819.215576171875,33.39558893758269,161.02254428341385,2560.1821638205497,1242.0,0.9647630453109741,1138.799560546875,1251.6697998046875,7.646745969896322,0.4719201624393463,0.2028152197599411,0.01932367149758454,1132.0433349609375,0.1416468322277069,5121.5947265625,2560.1821638205497,5988.814881324768,3273.4402784127833,0.193732728138566,1242.0,100,845.7935791015625
-1540.938720703125,0.2332587093114853,0.39169180393218994,0.005346258315755479,202000,0.9064760804176331,0.9895588159561157,775.0438232421875,33.36555590172848,161.18355945730247,2574.1473840377676,1253.0,0.9918290972709656,1168.0877685546875,1257.6781005859375,7.624407405701815,0.47189033031463623,0.09778567403554916,0.019952114924181964,1161.5277099609375,0.06499093025922775,1559.1962890625,2574.1473840377676,6054.147594451904,3381.156446182379,0.20267839968204499,1253.0,101,795.355224609375
-1526.9931640625,0.233244851231575,0.39177390933036804,0.0049371798576567285,204000,0.906398355960846,0.9848830103874207,755.0096435546875,33.32607047605506,161.58524980174465,2587.819140530832,1261.0,0.9816029071807861,1206.4168701171875,1262.55712890625,7.61241956728985,0.47175201773643494,0.12083921581506729,0.019825535289452814,1203.36474609375,0.06952902674674988,1071.7279052734375,2587.819140530832,6121.33375120163,3517.195821898014,0.19271254271268845,1261.0,102,777.82177734375
-1525.54296875,0.23320002853870392,0.3909240663051605,0.004651046760498564,206000,0.9067458510398865,0.9418402910232544,782.757080078125,33.28616982505239,161.77122641509433,2598.1174170119875,1272.0,0.9678513407707214,1185.4530029296875,1267.2337646484375,7.601793610830524,0.4719316065311432,0.15940633416175842,0.019654088050314465,1176.203369140625,0.2999635934829712,2099.644775390625,2598.1174170119875,6188.756504058838,3647.476312660526,0.19808955043554305,1272.0,103,812.908447265625
-1544.1156005859375,0.2331114560365677,0.38958436250686646,0.004839897909672315,208000,0.9072867035865784,0.951740026473999,796.2855834960938,33.24876006907312,162.07014809041308,2609.1319211825,1283.0,0.9665382504463196,1170.3856201171875,1271.6881103515625,7.570575861419341,0.47162947058677673,0.18897631764411926,0.019485580670303974,1162.7894287109375,0.2724960446357727,1801.755126953125,2609.1319211825,6255.872386455536,3736.686050663642,0.2049026945233345,1283.0,104,825.1324462890625
-1566.763427734375,0.2330995798110962,0.38823968172073364,0.005240915906043995,210000,0.9078173041343689,0.9557234644889832,808.2968139648438,33.21309764133347,162.34261407579274,2620.1728567121263,1293.0,0.9684043526649475,1180.1962890625,1275.620361328125,7.551564475056186,0.47111591696739197,0.17303647100925446,0.02088167053364269,1175.974365234375,0.1927335262298584,2478.98291015625,2620.1728567121263,6322.806811571121,3799.060033626274,0.21074315547943115,1293.0,105,834.2122802734375
-1562.891357421875,0.23290161788463593,0.3876592814922333,0.0044695645181095965,212000,0.9080011248588562,0.9843497276306152,775.8887939453125,33.17607661481391,162.6085955487337,2629.9958159952203,1303.0,0.9565256237983704,1204.243896484375,1279.326904296875,7.530141175390189,0.4708159863948822,0.21635153889656067,0.021488871834228703,1201.753662109375,0.08879823237657547,2277.718505859375,2629.9958159952203,6390.146805524826,3921.3586975733797,0.19739390194416045,1303.0,106,795.49560546875
-1572.568603515625,0.23284362256526947,0.3872373700141907,0.004744532800384585,214000,0.9080106019973755,0.9798515439033508,733.5223999023438,33.13779852372451,162.8584474885845,2644.2059993783737,1314.0,0.9841456413269043,1256.1014404296875,1284.2935791015625,7.511054567383268,0.47061464190483093,0.004846792668104172,0.02207001522070015,1254.6251220703125,0.05400613322854042,2513.57373046875,2644.2059993783737,6457.8822231292725,3915.8754054579726,0.19634248074144126,1314.0,107,753.0953369140625
-1537.6209716796875,0.2328668236732483,0.3866083323955536,0.00421053195794641,216000,0.9082199335098267,0.9622356295585632,760.6220703125,33.096709757845225,163.12235649546827,2652.6275168398256,1324.0,0.9822667837142944,1268.6448974609375,1288.09033203125,7.4933934726989,0.470377117395401,0.1133294478058815,0.024924471299093656,1265.46875,0.1912688910961151,1933.966552734375,2652.6275168398256,6526.328495502472,3906.3219937520003,0.2026958405971527,1324.0,108,781.9427490234375
-1568.4708251953125,0.2327813357114792,0.3866021931171417,0.004839897909672315,218000,0.9081884026527405,0.967036247253418,806.2208251953125,33.05731392115943,163.18726591760299,2662.783378017287,1335.0,0.9722816944122314,1271.4508056640625,1292.2528076171875,7.4818612476229935,0.4705224931240082,0.18973281979560852,0.02546816479400749,1270.01806640625,0.19332677125930786,4706.14111328125,2662.783378017287,6594.607187986374,3889.6576623926057,0.2160182762145996,1335.0,109,824.1990966796875
-1536.061767578125,0.23252224922180176,0.3862248957157135,0.00421053195794641,220000,0.9082847833633423,0.975743293762207,867.6513671875,33.020904607193685,163.3001485884101,2663.1230804019974,1346.0,0.97918701171875,1265.910400390625,1295.462646484375,7.482018974474651,0.47064581513404846,0.15376558899879456,0.02526002971768202,1262.9246826171875,0.10894349217414856,2307.805419921875,2663.1230804019974,6662.446187257767,3888.3237395359665,0.2143324215710163,1346.0,110,883.3611450195312
-1561.498779296875,0.2324163168668747,0.3847465515136719,0.004381496439672185,222000,0.9088285565376282,0.9855728149414062,898.3541870117188,32.9840958039462,163.5526897568165,2664.0144644679563,1357.0,0.9750503897666931,1221.929931640625,1299.1070556640625,7.481832730918822,0.47054314613342285,0.02734164334833622,0.025055268975681652,1215.6549072265625,-0.00448308140039444,2049.68896484375,2664.0144644679563,6730.516468286514,3752.644945728969,0.19722981214523316,1357.0,111,917.16015625
-1614.088134765625,0.23225486278533936,0.3829439878463745,0.004839897909672315,224000,0.9095392823219299,0.985069990158081,881.7496337890625,32.948210643763325,163.92014652014652,2661.400071550443,1365.0,0.979483962059021,1253.1727294921875,1300.3037109375,7.4824890567070055,0.47032710909843445,0.09714073687791824,0.02564102564102564,1241.165283203125,0.04121042788028717,2274.395263671875,2661.400071550443,6798.548255681992,3532.465424962709,0.21430664852261544,1365.0,112,910.5574951171875
-1570.4527587890625,0.23234249651432037,0.3817719519138336,0.0044695645181095965,226000,0.9100162982940674,0.9847458600997925,911.8775634765625,32.910766351521104,164.1205519244735,2662.239553702621,1377.0,0.985505998134613,1234.608642578125,1302.083740234375,7.475864863909044,0.4696653187274933,0.03334134817123413,0.026143790849673203,1228.77392578125,0.04781977832317352,2385.989501953125,2662.239553702621,6867.053704738617,3414.506022178909,0.19463281199336052,1377.0,113,937.9111328125
-1572.893798828125,0.2322394996881485,0.3810414671897888,0.004651046760498564,228000,0.9103219509124756,0.991432785987854,869.947998046875,32.87567614842485,164.0460763138949,2666.0086755955613,1389.0,0.9818481802940369,1197.2620849609375,1304.88525390625,7.463814520686816,0.4691985547542572,0.11748894304037094,0.02591792656587473,1191.0416259765625,0.06347768008708954,2280.898681640625,2666.0086755955613,6935.218578338623,3279.772875946009,0.1847260755300522,1389.0,114,892.2740478515625
-1577.38671875,0.23202753067016602,0.3794797956943512,0.004839897909672315,230000,0.9108961820602417,0.9895338416099548,885.5776977539062,32.83888000860608,164.15785714285715,2675.8845331017224,1400.0,0.9777426719665527,1163.903564453125,1308.9815673828125,7.42950080243201,0.46856653690338135,0.022546138614416122,0.02642857142857143,1153.7926025390625,0.02704748511314392,1083.172607421875,2675.8845331017224,7003.892944574356,3302.0118887307735,0.1914091020822525,1400.0,115,910.28466796875
-1567.9169921875,0.23217938840389252,0.37657496333122253,0.004839897909672315,232000,0.9119823575019836,0.975596010684967,857.6497802734375,32.80199427762209,164.65223562810505,2677.1035460316584,1409.0,0.9713065028190613,1184.574951171875,1308.0494384765625,7.444450615400662,0.46857786178588867,0.1670888513326645,0.0262597586941093,1175.2587890625,0.06280779838562012,1409.6217041015625,2677.1035460316584,7072.740700960159,3193.3008878200553,0.1843045736849308,1409.0,116,881.7708740234375
-1576.753173828125,0.2320357710123062,0.376251220703125,0.00421053195794641,234000,0.9121149182319641,0.994168221950531,883.9962768554688,32.76454136858099,164.66478873239436,2684.126251264293,1420.0,0.9905866980552673,1211.46337890625,1311.3963623046875,7.430750126145185,0.4683891236782074,0.08748318254947662,0.027464788732394368,1199.491943359375,0.04447145387530327,8413.79296875,2684.126251264293,7141.86709856987,3133.794916774344,0.20321825355291367,1420.0,117,904.472412109375
-1569.24658203125,0.23195235431194305,0.37522220611572266,0.0045594027649236,236000,0.9125142693519592,0.9896330833435059,813.0221557617188,32.73109246542729,164.9965034965035,2692.360586643615,1430.0,0.9765872359275818,1253.87109375,1316.0721435546875,7.4264943099419085,0.4686371088027954,0.10813353955745697,0.02727272727272727,1249.406005859375,0.06739476323127747,2581.894287109375,2692.360586643615,7210.269570112228,3088.468993789605,0.21046697124838828,1430.0,118,835.5341186523438
-1540.103759765625,0.23180150985717773,0.37386152148246765,0.004381496439672185,238000,0.9129751920700073,0.9888826608657837,804.8794555664062,32.69135221016499,165.36831132731064,2703.762962471922,1439.0,0.991174578666687,1243.8818359375,1319.492431640625,7.40976800245086,0.4684576690196991,0.02166045643389225,0.027102154273801252,1236.782470703125,0.024825794622302055,2504.1513671875,2703.762962471922,7280.212775230408,3284.0747662096055,0.1961857483536005,1439.0,119,823.8511962890625
-1545.2449951171875,0.23184359073638916,0.37321341037750244,0.004651046760498564,240000,0.9131731390953064,0.9882255792617798,770.6070556640625,32.64867942925075,165.50931677018633,2708.393924401937,1449.0,0.9902539849281311,1246.1168212890625,1321.7884521484375,7.380204473936953,0.46782246232032776,0.04081643372774124,0.028985507246376812,1240.5533447265625,0.012582042254507542,1353.497802734375,2708.393924401937,7350.986447095871,3327.3745372972876,0.2101474766433239,1449.0,120,789.6966552734375
-1541.90771484375,0.23176491260528564,0.3729589879512787,0.0044695645181095965,242000,0.9133119583129883,0.9890357255935669,717.6069946289062,32.61187978184344,165.51778385772914,2711.678473235224,1462.0,0.9839969277381897,1308.62255859375,1324.370361328125,7.391274023302954,0.46831393241882324,0.07949642837047577,0.028727770177838577,1306.2841796875,-0.023438118398189545,1752.399169921875,2711.678473235224,7420.608735799789,3332.766196057863,0.19325435549020767,1462.0,121,735.33642578125
-1550.603759765625,0.23166774213314056,0.3722536861896515,0.004295163650301133,244000,0.9135578274726868,0.9920651316642761,713.1835327148438,32.57634437500418,165.81101291638342,2720.8889782339884,1471.0,0.9854226112365723,1338.2398681640625,1327.9921875,7.373711909604326,0.46821561455726624,0.08627486228942871,0.028552005438477225,1333.990966796875,0.09488566219806671,1943.7701416015625,2720.8889782339884,7490.097636222839,3530.2284341756326,0.21555716067552566,1471.0,122,731.8703002929688
-1521.13623046875,0.23166275024414062,0.371440052986145,0.004839897909672315,246000,0.9138469696044922,0.9841177463531494,606.6490478515625,32.53646722676163,165.93923024983118,2729.5329603801515,1481.0,0.9867641925811768,1419.2998046875,1331.21875,7.376196084674863,0.46816563606262207,0.09298104792833328,0.02903443619176232,1417.5289306640625,0.08563390374183655,2749.92529296875,2729.5329603801515,7560.747092962265,3617.4177807048704,0.2101047943532467,1481.0,123,626.5176391601562
